{
  "Filename": "C:\\Academy\\Code2026\\DotNet\\Numbers.txt",
  "Sum": 151.14999999999998,
  "Average": 25.191666666666663
}